"","PC1","PC2","PC3","PC4","PC5"
"2.A.1 Active Listening",-0.129269038165284,-0.0376618119300622,0.065936530591066,-0.12783616543281,0.0940108133327228
"2.A.1 Mathematics",-0.0629619924765251,0.126183827815616,0.15325014511899,0.0371401312895312,0.036655017729037
"2.A.1 Reading Comprehension",-0.129300030542588,0.00306495067499807,0.135277109977553,-0.128285116551902,0.0291574814869895
"2.A.1 Science",-0.0574438682761147,0.126174202330866,0.0846670423519418,-0.180290777973215,0.0517357778006242
"2.A.1 Speaking",-0.140764617482958,-0.0390958351429113,0.0291399357589766,-0.0740644951174602,0.0959413827068899
"2.A.1 Writing",-0.138443439637684,-0.025373352972591,0.109120650931191,-0.0748230237250784,0.032678037544615
"2.A.2 Active Learning",-0.126592807849443,0.0568331099998445,0.103480929070626,-0.126511185901541,0.121187307092179
"2.A.2 Critical Thinking",-0.138209168462325,0.0329773534389892,0.0911756341387915,-0.103355108496951,0.0679608574315803
"2.A.2 Learning Strategies",-0.102572511375742,0.0209077358633673,-0.000762306837896867,-0.159376757788305,0.182199955287114
"2.A.2 Monitoring",-0.134931499876636,0.0268879411649432,-0.016444727493967,-0.0403898170321527,0.138323369759979
"2.B.1 Coordination",-0.114527536917062,0.0711394525143952,-0.0326174803282244,-0.03374031766229,0.170764681419177
"2.B.1 Instructing",-0.09735134062217,0.0454213776860797,-0.0593169469572126,-0.150444121020007,0.157026824189749
"2.B.1 Negotiation",-0.13551768558075,-0.0180379652869032,-0.0207630260472296,0.0592058344801762,0.128317481518022
"2.B.1 Persuasion",-0.138622527009826,-0.0143869093364791,0.00699978454630448,0.000732490967632244,0.137701923046472
"2.B.1 Service Orientation",-0.108263425678552,-0.06845392187076,-0.0542552268311306,-0.0783662060652035,0.114042259849581
"2.B.1 Social Perceptiveness",-0.122705827422018,-0.0885108590344492,-0.0685381867485147,-0.0959919377493741,0.127987411629322
"2.B.2 Complex Problem Solving",-0.126969906613699,0.0960502531578952,0.0968580512145603,-0.0633504952297894,0.0477048023587785
"2.B.3 Equipment Maintenance",0.0665055030896306,0.183125136168372,-0.0825713449498615,-0.0686745403490138,0.0979575466088472
"2.B.3 Equipment Selection",0.00478459656966873,0.177666305423402,0.0338545386513626,-0.0955486873835418,0.20794524256574
"2.B.3 Installation",0.028013972778584,0.18339023681195,0.0207603306338682,-0.0279992879789491,0.120665100393038
"2.B.3 Operation and Control",0.0412415878584241,0.177205886869519,-0.0439618875160716,-0.0709661123754811,0.0166944364379141
"2.B.3 Operation Monitoring",0.0333995662916997,0.187268312864047,-0.0541565597134872,-0.0712037161552728,-0.0508843761280845
"2.B.3 Operations Analysis",-0.0698858060890976,0.122468610953493,0.150151208213879,-0.0145068759401609,0.188857834620963
"2.B.3 Programming",-0.03852691956628,0.0903493605556684,0.196214630867175,-0.0248530168985659,-0.0248386999628867
"2.B.3 Quality Control Analysis",-0.0110333773423061,0.171652286140437,0.0727054497506007,-0.0305360328589618,0.0249157513018893
"2.B.3 Repairing",0.0588426031653118,0.184913313511597,-0.0524574351241213,-0.0371673815286949,0.0893734582612637
"2.B.3 Technology Design",-0.0342815482558959,0.179161214121089,0.133252470378774,-0.0625910966393653,0.13022332313616
"2.B.3 Troubleshooting",0.0129731158532945,0.212654257153586,0.0436420810079764,-0.0696835359602701,0.084126602953519
"2.B.4 Judgment and Decision Making",-0.131342414155848,0.0546349984173667,0.0363106875427743,-0.0256371472007659,0.100804500265988
"2.B.4 Systems Analysis",-0.0673472592760588,0.161408802382095,0.0587338004192307,0.0541991469855387,-0.0403275273374041
"2.B.4 Systems Evaluation",-0.0889364795054182,0.134049825633941,0.055888146551104,0.0675974072296693,-0.00221833109442328
"2.B.5 Management of Financial Resources",-0.110431995352375,0.0251256997014501,0.00633441159425874,0.144598040206866,0.156271148510589
"2.B.5 Management of Material Resources",-0.0740072602476289,0.119990281686021,-0.0704132747188544,0.10051341360966,0.169938531762149
"2.B.5 Management of Personnel Resources",-0.117895914958029,0.053390455649929,-0.0941675809877631,0.0991292531915981,0.114181323645584
"2.B.5 Time Management",-0.129897409589369,0.0102068718776832,0.0503344034092786,-0.0276489109712942,0.178538918357502
"2.C.1 Administration and Management",-0.121078539330327,0.0300998118968167,-0.0634578878622269,0.19966900151287,0.0244708532230565
"2.C.1 Clerical",-0.0906665571379008,-0.0906010693398264,0.084186987212559,0.0576883591163992,-0.0381346657020974
"2.C.1 Customer and Personal Service",-0.0977382133970213,-0.0837065927792118,-0.0492839114573718,0.0155251191607525,-0.0180821838412721
"2.C.1 Economics and Accounting",-0.0877881972578368,-0.0302750260746601,0.0290334502531576,0.202610400632846,0.0164000086832
"2.C.1 Personnel and Human Resources",-0.118621214619327,-0.00173124436286113,-0.116518463720853,0.140703863512052,0.0173533662069718
"2.C.1 Sales and Marketing",-0.0696090563870844,-0.0411590156346057,0.0140769633159549,0.168062047812808,0.121918652130976
"2.C.1 Transportation",-0.00179109082181427,0.0609854564973356,-0.0820087296785327,0.0184869525604598,-0.0546792240452494
"2.C.2 Food Production",0.0126935510102557,0.0119532389131755,-0.0734076124452042,0.0325811823993028,0.065908080054304
"2.C.2 Production and Processing",0.00289726109212999,0.141054452574829,-0.0246015053126065,0.147362649140612,0.0404515704201791
"2.C.3 Building and Construction",-0.00982553635910364,0.119548387981604,-0.0469079042541451,0.122875414486542,-0.0279157440093168
"2.C.3 Computers and Electronics",-0.100670346737155,0.0255001313666039,0.201176326571648,-0.0051558491957389,-0.0799324258598189
"2.C.3 Design",-0.0240755523051997,0.149131452555107,0.0924709773741267,0.114357564806812,-0.0233870140437532
"2.C.3 Engineering and Technology",-0.0348165645010801,0.182473003505961,0.0947380070679124,0.0565946089810112,-0.0785787756685982
"2.C.3 Mechanical",0.0310637537846765,0.205066020668877,-0.0636659681262302,0.0248991077281253,-0.000654958377762178
"2.C.4 Biology",-0.0548663727377726,0.0269684141629091,-0.0758059542177928,-0.171019961428872,-0.0631289342126675
"2.C.4 Chemistry",-0.0259482320649129,0.130987788388438,-0.0425234039421891,-0.116185803500147,-0.0574350538791118
"2.C.4 Geography",-0.053173398015927,0.0227455555315171,0.0417884944165552,-0.029031411807236,-0.0427470953042213
"2.C.4 Mathematics",-0.0874249106397867,0.0972280737514079,0.12250329090659,0.0989395793263887,-0.092308625850632
"2.C.4 Physics",-0.0337121158490132,0.16464174091158,0.0510774098510151,-0.0533673430023963,-0.0988318698353502
"2.C.4 Psychology",-0.103713817151998,-0.0659908171971728,-0.162282564541749,-0.148088058686394,0.00512027380943982
"2.C.4 Sociology and Anthropology",-0.100259888856176,-0.0904070396104792,-0.103378666849742,-0.151951896203889,0.0246187096513566
"2.C.5 Medicine and Dentistry",-0.0507253128956507,-0.0241368302203193,-0.12886625289476,-0.200255040459183,-0.0896416757406955
"2.C.5 Therapy and Counseling",-0.0779093287114522,-0.069798104081962,-0.152990928798993,-0.185202103258788,-0.0105263749508449
"2.C.6 Education and Training",-0.114478869007977,0.0136332759268908,-0.109204769047135,-0.0983255842090861,0.0299198328389066
"2.C.7 English Language",-0.126124318702099,-0.0703920183336766,0.0872815994395022,-0.0654146244977911,-0.0441760292208165
"2.C.7 Fine Arts",-0.0141060116567134,-0.0442020328639144,0.0270850164248499,-0.0156355377741208,0.158188970924211
"2.C.7 Foreign Language",-0.0440853570717598,-0.0390527390533676,-0.0469036271519987,-0.0739266936098087,-0.0174772965283387
"2.C.7 History and Archeology",-0.0652712271493825,-0.0494513309560118,0.0188730805227145,-0.0882184079162602,0.0526865634902946
"2.C.7 Philosophy and Theology",-0.0911690614342374,-0.086876157203781,-0.110209607093324,-0.159090711181682,0.0529685354606472
"2.C.8 Law and Government",-0.10285355216691,-0.0217754514946117,-0.0184247960354613,0.000116750645249356,-0.109871164520421
"2.C.8 Public Safety and Security",-0.0434014176706311,0.0752267572263078,-0.16094062934744,-0.0214750091903977,-0.110477433480671
"2.C.9 Communications and Media",-0.0976976138612599,-0.0570014745906268,0.0747040018625508,-0.0328865341516786,0.0259683505030786
"2.C.9 Telecommunications",-0.0479019987742947,0.0537605051543513,0.0624809747976509,-0.0225444483657291,-0.0816468969307233
"4.A.1 Estimating the Quantifiable Characteristics of Products, Events, or Information",-0.0602849396265778,0.147833355132808,0.0110073051590475,0.0577617145726297,-0.140147393425063
"4.A.1 Getting Information",-0.133328990939265,-0.0301415812010543,0.0592161842839005,-0.0331431262120729,-0.154926275521532
"4.A.1 Identifying Objects, Actions, and Events",-0.100472190478888,0.0362367394894293,-0.029553229730862,-0.164314641949304,-0.179286984448711
"4.A.1 Inspecting Equipment, Structures, or Material",0.0406133889852371,0.182526633197275,-0.141568448663002,-0.0475187083379667,-0.103277038471023
"4.A.1 Monitor Processes, Materials, or Surroundings",-0.0608029918199073,0.124048111931509,-0.117398851564724,-0.126695543066837,-0.154602903516652
"4.A.2 Analyzing Data or Information",-0.128151591348817,0.0353852922747991,0.107246822475131,-0.0106541140948264,-0.177521099969164
"4.A.2 Developing Objectives and Strategies",-0.139590894442356,0.0130253664976736,-0.0566862579226028,0.042880868768371,-0.0272215049698223
"4.A.2 Evaluating Information to Determine Compliance with Standards",-0.1018772925157,0.0535883494137499,-0.00796999961546663,-0.0255764714426961,-0.207903684011575
"4.A.2 Judging the Qualities of Things, Services, or People",-0.117247046699908,0.0368774323959311,-0.11037852276134,0.0483335334937843,-0.0330091331240604
"4.A.2 Making Decisions and Solving Problems",-0.138547017481045,0.0589282162846714,-0.0294209595921499,-0.00189350687782297,-0.0990056246586423
"4.A.2 Organizing, Planning, and Prioritizing Work",-0.138221182691378,0.00362232006333145,0.00762931295380951,0.0698975982037089,-0.04129614977142
"4.A.2 Processing Information",-0.117260270063858,0.0205485011410263,0.117008642463096,-0.0266785550160969,-0.195618983172797
"4.A.2 Scheduling Work and Activities",-0.131908774914256,0.0339203293633996,-0.0821829908269456,0.108341632883455,-0.0154731823221634
"4.A.2 Thinking Creatively",-0.112535127726838,0.0244545143751424,0.0359838927675352,0.0365585031920717,0.041235612564165
"4.A.2 Updating and Using Relevant Knowledge",-0.124103545071775,0.0377048402994574,0.0668614964170605,-0.0971638451059056,-0.150838085144314
"4.A.3 Controlling Machines and Processes",0.0765901300675709,0.162154543429241,-0.110449256696514,-0.0547279518305389,-0.0361121495813565
"4.A.3 Documenting/Recording Information",-0.104915550832005,0.00912089023208875,0.0336253098204852,-0.104451219236816,-0.224642725199989
"4.A.3 Drafting, Laying Out, and Specifying Technical Devices, Parts, and Equipment",-0.00881324623803771,0.162464333103819,0.0453610817651938,0.0919524064114216,-0.0614297973797199
"4.A.3 Handling and Moving Objects",0.0962812701611616,0.114441938761414,-0.162165144893747,-0.0537835934306518,0.0228422159014193
"4.A.3 Interacting With Computers",-0.104404956589601,-0.00722132711285901,0.200066501239242,0.0496067012168085,-0.126379614294704
"4.A.3 Operating Vehicles, Mechanized Devices, or Equipment",0.0524985998108197,0.129711097047335,-0.148081302608058,-0.02148252398993,-0.0472735966231298
"4.A.3 Performing General Physical Activities",0.074996037982632,0.101368592756245,-0.188057814061489,-0.0582312021070127,0.0146426636890887
"4.A.3 Repairing and Maintaining Electronic Equipment",0.0227951449970288,0.163888679965109,-0.0130490101250324,-0.0289967677725902,-0.0614258859380456
"4.A.3 Repairing and Maintaining Mechanical Equipment",0.0623999712667763,0.171947132823652,-0.106753278405683,-0.0117459076262284,-0.00986590717999454
"4.A.4 Assisting and Caring for Others",-0.0601086342290025,-0.0540578499061566,-0.206503413773062,-0.169524044586585,-0.0580905557648968
"4.A.4 Coaching and Developing Others",-0.115514593398492,0.0212605881997341,-0.175891741869148,0.0625989175760312,0.00885124249003712
"4.A.4 Communicating with Persons Outside Organization",-0.126853640421155,-0.0579105335370954,0.0166829233587833,0.0610899913382985,-0.0319960931857716
"4.A.4 Communicating with Supervisors, Peers, or Subordinates",-0.134620285327971,0.0173160693916478,-0.00740387529344041,0.0360475636262008,-0.117229265170539
"4.A.4 Coordinating the Work and Activities of Others",-0.116954579143735,0.0567404718364189,-0.145869901614785,0.13604106966419,-0.00797076472072413
"4.A.4 Developing and Building Teams",-0.120635684274752,0.0305479067248472,-0.13852941302558,0.118359977436708,-0.0240316957144244
"4.A.4 Establishing and Maintaining Interpersonal Relationships",-0.130448136001114,-0.0838516311539669,-0.0309469950282173,0.0240945612879755,-0.0143995655011925
"4.A.4 Guiding, Directing, and Motivating Subordinates",-0.110565150864953,0.0508596095585272,-0.176777955461332,0.141003106074582,0.00196483747683581
"4.A.4 Interpreting the Meaning of Information for Others",-0.132491102217154,-0.00181100227435495,0.0577842967614094,-0.0592381728233344,-0.119892684098147
"4.A.4 Monitoring and Controlling Resources",-0.108066931794135,0.0482563574549181,-0.111626311852352,0.177060927547146,-0.00289356336328927
"4.A.4 Performing Administrative Activities",-0.126686561074867,-0.0512159693540482,-0.0227342141231718,0.0830358568969091,-0.0618253314040791
"4.A.4 Performing for or Working Directly with the Public",-0.0677301221382367,-0.101966429936448,-0.120674811551783,-0.0455254090801432,0.0215414093755771
"4.A.4 Provide Consultation and Advice to Others",-0.1380243790905,0.0360240899897998,-0.0284882817157474,0.0553939639257121,-0.0662776986964451
"4.A.4 Resolving Conflicts and Negotiating with Others",-0.126015277352339,-0.0373663249505432,-0.125193771249228,0.108419652868341,-0.00100393852010517
"4.A.4 Selling or Influencing Others",-0.0974658228603501,-0.0265841445947808,-0.0333454445967525,0.148257241342488,0.095203761879944
"4.A.4 Staffing Organizational Units",-0.113026222758427,0.0146989448940433,-0.147248764631749,0.167402332584436,-0.00936580815292738
"4.A.4 Training and Teaching Others",-0.104344057419443,0.0419936716677132,-0.16351127662157,-0.0515365132564634,-0.0319035917724007
